CREATE DATABASE  IF NOT EXISTS `stat` /*!40100 DEFAULT CHARACTER SET utf8 */;
USE `stat`;
-- MySQL dump 10.13  Distrib 5.7.12, for Win64 (x86_64)
--
-- Host: localhost    Database: stat
-- ------------------------------------------------------
-- Server version	5.7.14-log

/*!40101 SET @OLD_CHARACTER_SET_CLIENT=@@CHARACTER_SET_CLIENT */;
/*!40101 SET @OLD_CHARACTER_SET_RESULTS=@@CHARACTER_SET_RESULTS */;
/*!40101 SET @OLD_COLLATION_CONNECTION=@@COLLATION_CONNECTION */;
/*!40101 SET NAMES utf8 */;
/*!40103 SET @OLD_TIME_ZONE=@@TIME_ZONE */;
/*!40103 SET TIME_ZONE='+00:00' */;
/*!40014 SET @OLD_UNIQUE_CHECKS=@@UNIQUE_CHECKS, UNIQUE_CHECKS=0 */;
/*!40014 SET @OLD_FOREIGN_KEY_CHECKS=@@FOREIGN_KEY_CHECKS, FOREIGN_KEY_CHECKS=0 */;
/*!40101 SET @OLD_SQL_MODE=@@SQL_MODE, SQL_MODE='NO_AUTO_VALUE_ON_ZERO' */;
/*!40111 SET @OLD_SQL_NOTES=@@SQL_NOTES, SQL_NOTES=0 */;

--
-- Table structure for table `feed`
--

DROP TABLE IF EXISTS `feed`;
/*!40101 SET @saved_cs_client     = @@character_set_client */;
/*!40101 SET character_set_client = utf8 */;
CREATE TABLE `feed` (
  `idfeed` int(11) NOT NULL AUTO_INCREMENT,
  `avgSat` double DEFAULT NULL,
  `nbSat` double DEFAULT NULL,
  `nbAcc` double DEFAULT NULL,
  `nbunAcc` double DEFAULT NULL,
  `waitAvgTime` double DEFAULT NULL,
  `ordersTotalNb` int(11) DEFAULT NULL,
  `purchasesTotalNb` int(11) DEFAULT NULL,
  `turnoverProbe` double DEFAULT NULL,
  `refundProbe` double DEFAULT NULL,
  `idInstance` int(11) NOT NULL,
  PRIMARY KEY (`idfeed`),
  KEY `fk_Feed_Instance1_idx` (`idInstance`),
  CONSTRAINT `fk_Feed_Instance1` FOREIGN KEY (`idInstance`) REFERENCES `instance` (`idInstance`) ON DELETE NO ACTION ON UPDATE NO ACTION
) ENGINE=InnoDB AUTO_INCREMENT=607 DEFAULT CHARSET=utf8;
/*!40101 SET character_set_client = @saved_cs_client */;

--
-- Dumping data for table `feed`
--

SET GLOBAL time_zone = '+1:00';


LOCK TABLES `feed` WRITE;
/*!40000 ALTER TABLE `feed` DISABLE KEYS */;
INSERT INTO `feed` VALUES (404,0,0,0,0,0,0,0,0,0,9),(405,0,0,0,0,0,0,0,0,0,9),(406,0,0,0,0,0,0,0,0,0,9),(407,0,0,0,0,0,0,0,0,0,9),(408,0,0,0,0,0,0,0,0,0,9),(409,0,0,0,0,0,0,0,0,0,9),(410,0,0,0,0,0,0,0,0,0,9),(411,0.5,0,0,0,0,0,0,0,0,9),(412,0.5,0,0,0,0,0,0,0,0,9),(413,0.5,0,0,1,0,0,0,0,0,9),(414,0.5,0,0,1,0,0,0,0,0,9),(415,1.5,0,0,2,0,0,0,0,0,9),(416,1.5,0,0,3,0,0,0,0,0,9),(417,1.5,0,0,3,0,0,0,0,0,9),(418,1.5,0,0,3,0,0,0,0,0,9),(419,1.5,0,0,3,0,0,0,0,0,9),(420,1.5,0,0,3,0,0,0,0,0,9),(421,1.5,0,0,3,0,0,0,0,0,9),(422,1.5,0,0,3,0,0,0,0,0,9),(423,2,0,0,3,0,0,0,0,0,9),(424,2,0,0,3,0,0,0,0,0,9),(425,2.5,0,0,3,0,0,0,0,0,9),(426,3.5,0,0,3,0,0,0,0,0,9),(427,3.5,0,0,3,0,0,0,0,0,9),(428,4.5,0,0,3,0,0,0,0,0,9),(429,5.5,0,0,4,0,1,0,0,0,9),(430,6,2,0,5,0,2,0,148,0,9),(431,6.5,4,0,5,0,3,1,148,0,9),(432,6.5,4,0,5,0,3,1,148,0,9),(433,7.5,4,0,5,0,3,2,393,-296,9),(434,7.5,4,0,5,0,3,2,393,-1776,9),(435,7,4,0,5,0,3,2,393,-3256,9),(436,7,4,0,7,0,3,2,393,-4736,9),(437,7,4,0,7,0,3,2,393,-6216,9),(438,7,4,0,7,0,3,2,393,-7696,9),(439,7,4,0,7,0,3,2,393,-9176,9),(440,7,4,0,7,0,3,2,393,-10656,9),(441,7,4,0,7,0,3,2,393,-12136,9),(442,7,4,0,7,0,3,2,393,-13616,9),(443,7,4,0,7,0,3,2,393,-15096,9),(444,7,4,0,7,0,3,2,393,-16576,9),(445,7,4,0,7,0,3,2,393,-18056,9),(446,7,4,0,7,0,3,2,393,-19536,9),(447,7,4,0,7,0,3,2,393,-21016,9),(448,7.5,4,0,7,0,3,2,393,-22496,9),(449,8.5,4,0,7,0,3,2,393,-23976,9),(450,8.5,4,0,7,0,3,2,393,-25456,9),(451,8.5,4,0,8,0,3,2,393,-26936,9),(452,8.5,4,0,10,0,3,2,393,-28416,9),(453,10,4,0,10,0,4,2,393,-29896,9),(454,0,0,0,0,0,0,0,0,0,10),(455,0,0,0,0,0,0,0,0,0,10),(456,0,0,0,0,0,0,0,0,0,10),(457,0,0,0,0,0,0,0,0,0,10),(458,0,0,0,0,0,0,0,0,0,10),(459,0,0,0,0,0,0,0,0,0,10),(460,0.5,0,0,0,0,0,0,0,0,10),(461,1.5,0,0,0,0,0,0,0,0,10),(462,1.5,0,0,0,0,0,0,0,0,10),(463,1.5,0,0,3,0,0,0,0,0,10),(464,1.5,0,0,3,0,0,0,0,0,10),(465,1.5,0,0,3,0,0,0,0,0,10),(466,1.5,0,0,3,0,0,0,0,0,10),(467,1.5,0,0,3,0,0,0,0,0,10),(468,2.5,0,0,3,0,0,0,0,0,10),(469,3,0,0,3,0,0,0,0,0,10),(470,3,0,0,5,0,0,0,0,0,10),(471,3.5,1,0,5,0,1,0,0,0,10),(472,3.5,1,0,5,0,1,0,0,0,10),(473,4,1,0,5,0,1,0,0,0,10),(474,4.5,1,0,5,0,1,0,0,0,10),(475,4.5,1,0,5,0,1,0,0,0,10),(476,3.5,1,0,5,0,1,0,0,0,10),(477,4,1,0,5,0,1,0,0,0,10),(478,5,2,0,5,0,2,0,0,0,10),(479,5.5,3,0,5,0,3,1,245,0,10),(480,6,3,0,5,0,3,2,490,0,10),(481,7,3,0,7,0,5,2,638,0,10),(482,7,3,0,8,0,5,4,786,0,10),(483,7.5,4,0,8,0,6,4,786,0,10),(484,7.5,4,0,8,0,6,4,786,0,10),(485,7.5,4,0,8,0,6,4,786,0,10),(486,7.5,4,0,8,0,6,4,786,0,10),(487,7,4,0,8,0,6,4,786,0,10),(488,8.5,4,0,8,0,6,4,786,0,10),(489,9,4,0,8,0,6,4,786,0,10),(490,9,4,0,8,0,6,4,786,0,10),(491,10.5,6,0,8,0,7,4,786,0,10),(492,10.5,6,0,10,0,7,4,786,0,10),(493,10.5,6,0,10,0,7,4,786,0,10),(494,10,6,0,10,0,7,4,786,0,10),(495,10.5,6,0,12,0,8,4,786,0,10),(496,11.5,6,0,12,0,8,4,786,0,10),(497,11.5,6,0,12,0,8,4,786,0,10),(498,11.5,6,0,12,0,8,4,786,0,10),(499,12.5,8,0,13,0,9,4,786,0,10),(500,13,8,0,13,0,9,4,786,0,10),(501,13,8,0,13,0,9,4,786,0,10),(502,14,8,0,15,0,9,4,786,0,10),(503,14,8,0,15,0,9,4,786,0,10),(504,14.5,8,0,15,0,9,4,786,0,10),(505,0,0,0,0,0,0,0,0,0,11),(506,0,0,0,0,0,0,0,0,0,11),(507,0,0,0,0,0,0,0,0,0,11),(508,0,0,0,0,0,0,0,0,0,11),(509,0,0,0,0,0,0,0,0,0,11),(510,0,0,0,0,0,0,0,0,0,11),(511,0.5,0,0,0,0,0,0,0,0,11),(512,1,0,0,0,0,0,0,0,0,11),(513,1,0,0,0,0,0,0,0,0,11),(514,1,0,0,1,0,0,0,0,0,11),(515,1.5,0,0,2,0,0,0,0,0,11),(516,1.5,0,0,2,0,0,0,0,0,11),(517,2,1,0,2,0,1,0,0,0,11),(518,2,1,0,2,0,1,1,245,0,11),(519,2.5,1,0,2,0,1,1,245,-1715,11),(520,3.5,1,0,2,0,1,1,245,-4165,11),(521,3.5,1,0,2,0,1,1,245,-6615,11),(522,4,3,0,2,0,2,1,245,-9065,11),(523,4.5,3,0,2,0,2,2,490,-11515,11),(524,4.5,3,0,2,0,2,2,490,-13965,11),(525,4.5,3,0,2,0,2,2,490,-16415,11),(526,5,3,0,2,0,2,2,490,-18865,11),(527,5.5,3,0,2,0,3,2,490,-21315,11),(528,6,3,0,2,0,3,2,490,-23765,11),(529,6.5,3,0,2,0,3,2,490,-26215,11),(530,6,3,0,5,0,3,2,490,-28665,11),(531,7,4,0,6,0,5,3,638,-31115,11),(532,7,4,0,6,0,5,4,786,-33565,11),(533,8,4,0,6,0,5,4,786,-36015,11),(534,8,4,0,6,0,5,4,786,-38465,11),(535,8,4,0,8,0,5,4,786,-40915,11),(536,9,4,0,8,0,5,4,786,-43365,11),(537,9,4,0,8,0,5,4,786,-45815,11),(538,9,4,0,10,0,5,4,786,-48265,11),(539,9,4,0,10,0,5,4,786,-50715,11),(540,9,4,0,10,0,5,4,786,-53165,11),(541,9,4,0,10,0,5,4,786,-55615,11),(542,10.5,4,0,10,0,6,4,786,-58065,11),(543,10.5,4,0,10,0,6,4,786,-60515,11),(544,10.5,4,0,10,0,6,4,786,-62965,11),(545,12,4,0,14,0,7,4,786,-65415,11),(546,11.5,4,0,14,0,7,5,1031,-67865,11),(547,12.5,4,0,14,0,7,5,1031,-70315,11),(548,12.5,4,0,14,0,7,5,1031,-72765,11),(549,13.5,4,0,14,0,7,5,1031,-75215,11),(550,13.5,4,0,14,0,7,5,1031,-77665,11),(551,13.5,4,0,14,0,7,5,1031,-80115,11),(552,14.5,4,0,14,0,7,5,1031,-82565,11),(553,14.5,4,0,18,0,7,5,1031,-85015,11),(554,14.5,4,0,18,0,7,5,1031,-87465,11),(555,14.5,4,0,18,0,7,5,1031,-89915,11),(556,0,0,0,0,0,0,0,0,0,12),(557,0,0,0,0,0,0,0,0,0,12),(558,0,0,0,0,0,0,0,0,0,12),(559,0,0,0,0,0,0,0,0,0,12),(560,0,0,0,0,0,0,0,0,0,12),(561,0,0,0,0,0,0,0,0,0,12),(562,0,0,0,0,0,0,0,0,0,12),(563,0.5,0,0,0,0,0,0,0,0,12),(564,1,0,0,0,0,0,0,0,0,12),(565,1,0,0,1,0,0,0,0,0,12),(566,1,0,0,1,0,0,0,0,0,12),(567,1.5,0,0,2,0,0,0,0,0,12),(568,1.5,0,0,2,0,0,0,0,0,12),(569,1.5,0,0,2,0,0,0,0,0,12),(570,2,0,0,3,0,0,0,0,0,12),(571,2.5,0,0,3,0,0,0,0,0,12),(572,3,0,0,3,0,0,0,0,0,12),(573,3.5,1,0,4,0,1,0,0,0,12),(574,3.5,1,0,4,0,1,1,245,0,12),(575,4,1,0,4,0,1,1,245,-2450,12),(576,4,1,0,4,0,1,1,245,-4900,12),(577,4.5,1,0,4,0,1,1,245,-7350,12),(578,5.5,1,0,5,0,1,1,245,-9800,12),(579,5.5,1,0,5,0,1,1,245,-12250,12),(580,5.5,1,0,5,0,1,1,245,-14700,12),(581,5.5,1,0,5,0,1,1,245,-17150,12),(582,6.5,3,0,6,0,3,1,245,-19600,12),(583,6.5,3,0,7,0,3,2,490,-22050,12),(584,6.5,3,0,7,0,3,3,638,-24500,12),(585,6.5,3,0,7,0,3,3,638,-26950,12),(586,8.5,3,0,7,0,4,3,638,-29400,12),(587,8.5,3,0,7,0,4,4,786,-31850,12),(588,9,3,0,7,0,4,4,786,-34300,12),(589,10.5,3,0,7,0,4,4,786,-36750,12),(590,10.5,3,0,11,0,4,4,786,-39200,12),(591,11,3,0,11,0,4,4,786,-41650,12),(592,11.5,3,0,11,0,4,4,786,-44100,12),(593,11.5,3,0,15,0,4,4,786,-46550,12),(594,11.5,3,0,15,0,4,4,786,-49000,12),(595,12,3,0,15,0,5,4,786,-51450,12),(596,12,3,0,15,0,5,4,786,-53900,12),(597,12.5,3,0,16,0,5,4,786,-56350,12),(598,13,3,0,16,0,6,4,786,-58800,12),(599,12.5,3,0,16,0,6,4,786,-61250,12),(600,13.5,3,0,16,0,6,4,786,-63700,12),(601,13,3,0,16,0,6,4,786,-66150,12),(602,13,3,0,16,0,6,4,786,-68600,12),(603,13,3,0,16,0,6,4,786,-71050,12),(604,14,3,0,16,0,6,4,786,-73500,12),(605,14.5,3,0,16,0,6,4,786,-75950,12),(606,14.5,3,0,16,0,6,4,786,-78400,12);
/*!40000 ALTER TABLE `feed` ENABLE KEYS */;
UNLOCK TABLES;

--
-- Table structure for table `instance`
--

DROP TABLE IF EXISTS `instance`;
/*!40101 SET @saved_cs_client     = @@character_set_client */;
/*!40101 SET character_set_client = utf8 */;
CREATE TABLE `instance` (
  `idInstance` int(11) NOT NULL AUTO_INCREMENT,
  `ord` int(11) NOT NULL,
  `idSimulation` int(11) NOT NULL,
  PRIMARY KEY (`idInstance`),
  KEY `fk_Instance_Simulation_idx` (`idSimulation`),
  CONSTRAINT `fk_Instance_Simulation` FOREIGN KEY (`idSimulation`) REFERENCES `simulation` (`idSimulation`) ON DELETE NO ACTION ON UPDATE NO ACTION
) ENGINE=InnoDB AUTO_INCREMENT=13 DEFAULT CHARSET=utf8;
/*!40101 SET character_set_client = @saved_cs_client */;

--
-- Dumping data for table `instance`
--

LOCK TABLES `instance` WRITE;
/*!40000 ALTER TABLE `instance` DISABLE KEYS */;
INSERT INTO `instance` VALUES (1,1,1),(2,2,1),(3,3,1),(4,1,2),(5,2,2),(6,3,2),(7,4,2),(8,5,2),(9,1,3),(10,2,3),(11,2,4),(12,3,4);
/*!40000 ALTER TABLE `instance` ENABLE KEYS */;
UNLOCK TABLES;

--
-- Table structure for table `simulation`
--

DROP TABLE IF EXISTS `simulation`;
/*!40101 SET @saved_cs_client     = @@character_set_client */;
/*!40101 SET character_set_client = utf8 */;
CREATE TABLE `simulation` (
  `idSimulation` int(11) NOT NULL AUTO_INCREMENT,
  `name` varchar(45) NOT NULL,
  PRIMARY KEY (`idSimulation`),
  UNIQUE KEY `name_UNIQUE` (`name`)
) ENGINE=InnoDB AUTO_INCREMENT=5 DEFAULT CHARSET=utf8;
/*!40101 SET character_set_client = @saved_cs_client */;

--
-- Dumping data for table `simulation`
--

LOCK TABLES `simulation` WRITE;
/*!40000 ALTER TABLE `simulation` DISABLE KEYS */;
INSERT INTO `simulation` VALUES (2,'dsfl'),(3,'s1'),(4,'s2'),(1,'ss');
/*!40000 ALTER TABLE `simulation` ENABLE KEYS */;
UNLOCK TABLES;
/*!40103 SET TIME_ZONE=@OLD_TIME_ZONE */;

/*!40101 SET SQL_MODE=@OLD_SQL_MODE */;
/*!40014 SET FOREIGN_KEY_CHECKS=@OLD_FOREIGN_KEY_CHECKS */;
/*!40014 SET UNIQUE_CHECKS=@OLD_UNIQUE_CHECKS */;
/*!40101 SET CHARACTER_SET_CLIENT=@OLD_CHARACTER_SET_CLIENT */;
/*!40101 SET CHARACTER_SET_RESULTS=@OLD_CHARACTER_SET_RESULTS */;
/*!40101 SET COLLATION_CONNECTION=@OLD_COLLATION_CONNECTION */;
/*!40111 SET SQL_NOTES=@OLD_SQL_NOTES */;

-- Dump completed on 2020-07-26 20:30:51
